{
  "images": [
    {
      "filename": "Icon-20@2x.png",
      "idiom": "iphone",
      "scale": "2x",
      "size": "20x20"
    },
    {
      "filename": "Icon-20@3x.png",
      "idiom": "iphone",
      "scale": "3x",
      "size": "20x20"
    },
    {
      "filename": "Icon-29.png",
      "idiom": "iphone",
      "scale": "1x",
      "size": "29x29"
    },
    {
      "filename": "Icon-29@2x.png",
      "idiom": "iphone",
      "scale": "2x",
      "size": "29x29"
    },
    {
      "filename": "Icon-29@3x.png",
      "idiom": "iphone",
      "scale": "3x",
      "size": "29x29"
    },
    {
      "filename": "Icon-40@2x.png",
      "idiom": "iphone",
      "scale": "2x",
      "size": "40x40"
    },
    {
      "filename": "Icon-40@3x.png",
      "idiom": "iphone",
      "scale": "3x",
      "size": "40x40"
    },
    {
      "filename": "Icon-57.png",
      "idiom": "iphone",
      "scale": "1x",
      "size": "57x57"
    },
    {
      "filename": "Icon-57@2x.png",
      "idiom": "iphone",
      "scale": "2x",
      "size": "57x57"
    },
    {
      "filename": "Icon-60@2x.png",
      "idiom": "iphone",
      "scale": "2x",
      "size": "60x60"
    },
    {
      "filename": "Icon-60@3x.png",
      "idiom": "iphone",
      "scale": "3x",
      "size": "60x60"
    },
    {
      "filename": "Icon-iPad-20@2x.png",
      "idiom": "ipad",
      "scale": "2x",
      "size": "20x20"
    },
    {
      "filename": "Icon-iPad-29.png",
      "idiom": "ipad",
      "scale": "1x",
      "size": "29x29"
    },
    {
      "filename": "Icon-iPad-29@2x.png",
      "idiom": "ipad",
      "scale": "2x",
      "size": "29x29"
    },
    {
      "filename": "Icon-iPad-40@2x.png",
      "idiom": "ipad",
      "scale": "2x",
      "size": "40x40"
    },
    {
      "filename": "Icon-iPad-76.png",
      "idiom": "ipad",
      "scale": "1x",
      "size": "76x76"
    },
    {
      "filename": "Icon-iPad-76@2x.png",
      "idiom": "ipad",
      "scale": "2x",
      "size": "76x76"
    },
    {
      "filename": "Icon-iPad-835@2x.png",
      "idiom": "ipad",
      "scale": "2x",
      "size": "83.5x83.5"
    },
    {
      "filename": "Icon-1024.png",
      "idiom": "ios-marketing",
      "scale": "1x",
      "size": "1024x1024"
    }
  ],
  "info": {
    "author": "AppIcon Generator",
    "version": 1
  }
}